chapter,pos_tag,count,percentage
1,ADJ,10,2.07
1,ADP,4,0.83
1,ADV,6,1.24
1,AUX,3,0.62
1,DET,2,0.41
1,NOUN,310,64.18
1,PART,1,0.21
1,PRON,7,1.45
1,PROPN,26,5.38
1,SCONJ,5,1.04
1,VERB,109,22.57
2,ADJ,3,0.67
2,ADP,5,1.11
2,ADV,4,0.89
2,AUX,2,0.45
2,NOUN,319,71.05
2,PRON,21,4.68
2,PROPN,3,0.67
2,SCONJ,13,2.9
2,VERB,79,17.59
3,ADJ,11,2.13
3,ADP,3,0.58
3,ADV,12,2.32
3,AUX,4,0.77
3,CCONJ,1,0.19
3,DET,2,0.39
3,NOUN,346,66.92
3,PRON,1,0.19
3,PROPN,1,0.19
3,SCONJ,10,1.93
3,VERB,126,24.37
4,ADJ,23,2.67
4,ADP,10,1.16
4,ADV,16,1.86
4,AUX,3,0.35
4,DET,9,1.05
4,NOUN,574,66.74
4,NUM,12,1.4
4,PART,3,0.35
4,PRON,4,0.47
4,PROPN,8,0.93
4,SCONJ,10,1.16
4,VERB,188,21.86
5,ADP,4,0.77
5,ADV,12,2.32
5,AUX,5,0.97
5,CCONJ,3,0.58
5,DET,6,1.16
5,NOUN,391,75.48
5,PRON,2,0.39
5,PROPN,22,4.25
5,SCONJ,4,0.77
5,VERB,69,13.32
6,ADJ,10,1.43
6,ADP,12,1.72
6,ADV,9,1.29
6,AUX,1,0.14
6,DET,2,0.29
6,NOUN,483,69.2
6,PRON,12,1.72
6,PROPN,5,0.72
6,SCONJ,9,1.29
6,VERB,155,22.21
7,ADJ,16,3.67
7,ADP,6,1.38
7,ADV,5,1.15
7,CCONJ,1,0.23
7,DET,21,4.82
7,NOUN,305,69.95
7,NUM,5,1.15
7,PRON,8,1.83
7,PROPN,2,0.46
7,SCONJ,4,0.92
7,VERB,63,14.45
8,ADJ,11,1.4
8,ADP,5,0.64
8,ADV,12,1.53
8,AUX,7,0.89
8,DET,10,1.28
8,NOUN,534,68.2
8,NUM,1,0.13
8,PART,1,0.13
8,PRON,6,0.77
8,PROPN,12,1.53
8,SCONJ,14,1.79
8,VERB,170,21.71
9,ADJ,10,1.57
9,ADP,4,0.63
9,ADV,3,0.47
9,CCONJ,1,0.16
9,DET,2,0.31
9,NOUN,471,74.17
9,PART,1,0.16
9,PRON,13,2.05
9,PROPN,2,0.31
9,SCONJ,7,1.1
9,VERB,121,19.06
10,ADJ,1,0.19
10,ADP,6,1.15
10,ADV,4,0.76
10,AUX,1,0.19
10,CCONJ,2,0.38
10,DET,4,0.76
10,NOUN,356,68.07
10,NUM,7,1.34
10,PRON,5,0.96
10,PROPN,28,5.35
10,SCONJ,8,1.53
10,VERB,101,19.31
11,ADJ,7,1.73
11,ADP,1,0.25
11,ADV,11,2.72
11,AUX,6,1.48
11,CCONJ,1,0.25
11,DET,2,0.49
11,NOUN,280,69.14
11,NUM,1,0.25
11,PART,3,0.74
11,PRON,6,1.48
11,SCONJ,7,1.73
11,VERB,80,19.75
12,ADJ,3,0.53
12,ADP,4,0.7
12,ADV,8,1.4
12,AUX,2,0.35
12,DET,3,0.53
12,NOUN,408,71.45
12,PRON,11,1.93
12,SCONJ,15,2.63
12,VERB,117,20.49
13,ADJ,5,0.97
13,ADP,4,0.77
13,ADV,7,1.35
13,AUX,5,0.97
13,DET,3,0.58
13,NOUN,390,75.29
13,PRON,3,0.58
13,PROPN,11,2.12
13,VERB,90,17.37
14,ADJ,7,0.87
14,ADP,6,0.74
14,ADV,20,2.48
14,AUX,6,0.74
14,CCONJ,3,0.37
14,DET,4,0.5
14,NOUN,586,72.61
14,NUM,2,0.25
14,PART,6,0.74
14,PRON,9,1.12
14,PROPN,3,0.37
14,SCONJ,3,0.37
14,VERB,152,18.84
15,ADJ,18,2.28
15,ADP,3,0.38
15,ADV,2,0.25
15,AUX,2,0.25
15,DET,5,0.63
15,NOUN,621,78.81
15,NUM,2,0.25
15,PRON,8,1.02
15,PROPN,10,1.27
15,SCONJ,5,0.63
15,VERB,112,14.21
16,ADJ,2,0.44
16,ADP,1,0.22
16,ADV,11,2.4
16,AUX,2,0.44
16,DET,2,0.44
16,NOUN,343,74.73
16,PROPN,2,0.44
16,SCONJ,7,1.53
16,VERB,89,19.39
17,ADJ,5,1.13
17,ADP,4,0.9
17,ADV,10,2.25
17,DET,2,0.45
17,NOUN,325,73.2
17,NUM,1,0.23
17,SCONJ,3,0.68
17,VERB,94,21.17
18,ADJ,5,0.96
18,ADP,3,0.58
18,ADV,3,0.58
18,AUX,1,0.19
18,DET,4,0.77
18,NOUN,353,68.02
18,NUM,3,0.58
18,PRON,10,1.93
18,PROPN,2,0.39
18,SCONJ,6,1.16
18,VERB,129,24.86
19,ADJ,8,1.4
19,ADP,2,0.35
19,ADV,13,2.28
19,AUX,4,0.7
19,CCONJ,1,0.18
19,DET,3,0.53
19,NOUN,427,74.91
19,NUM,6,1.05
19,PROPN,2,0.35
19,SCONJ,1,0.18
19,VERB,103,18.07
20,ADJ,12,1.41
20,ADP,2,0.23
20,ADV,9,1.06
20,AUX,7,0.82
20,CCONJ,1,0.12
20,DET,11,1.29
20,NOUN,627,73.59
20,NUM,2,0.23
20,PRON,20,2.35
20,PROPN,10,1.17
20,SCONJ,7,0.82
20,VERB,144,16.9
21,ADJ,14,3.48
21,ADV,10,2.49
21,AUX,3,0.75
21,CCONJ,2,0.5
21,DET,2,0.5
21,NOUN,272,67.66
21,PRON,6,1.49
21,PROPN,2,0.5
21,SCONJ,3,0.75
21,VERB,88,21.89
22,ADJ,5,1.39
22,ADP,1,0.28
22,ADV,2,0.56
22,AUX,1,0.28
22,DET,7,1.94
22,NOUN,264,73.33
22,NUM,3,0.83
22,PRON,13,3.61
22,PROPN,1,0.28
22,VERB,63,17.5
23,ADJ,10,2.55
23,ADP,1,0.26
23,ADV,9,2.3
23,AUX,5,1.28
23,CCONJ,3,0.77
23,DET,5,1.28
23,NOUN,282,71.94
23,PRON,5,1.28
23,PROPN,1,0.26
23,SCONJ,5,1.28
23,VERB,66,16.84
24,ADJ,3,1.35
24,ADP,1,0.45
24,ADV,5,2.25
24,DET,2,0.9
24,NOUN,146,65.77
24,PRON,3,1.35
24,SCONJ,2,0.9
24,VERB,60,27.03
25,ADJ,2,0.39
25,ADP,1,0.2
25,ADV,6,1.18
25,AUX,1,0.2
25,NOUN,427,83.73
25,PRON,2,0.39
25,PROPN,8,1.57
25,VERB,63,12.35
26,ADJ,15,2.4
26,ADP,6,0.96
26,ADV,5,0.8
26,AUX,6,0.96
26,CCONJ,2,0.32
26,DET,4,0.64
26,NOUN,440,70.51
26,NUM,2,0.32
26,PART,1,0.16
26,PRON,12,1.92
26,PROPN,10,1.6
26,SCONJ,10,1.6
26,VERB,111,17.79
27,ADJ,19,3.73
27,ADP,4,0.78
27,ADV,19,3.73
27,AUX,3,0.59
27,CCONJ,3,0.59
27,DET,2,0.39
27,NOUN,344,67.45
27,NUM,1,0.2
27,PART,1,0.2
27,PRON,8,1.57
27,SCONJ,7,1.37
27,VERB,99,19.41
28,ADJ,8,1.6
28,ADP,4,0.8
28,ADV,13,2.6
28,AUX,4,0.8
28,CCONJ,1,0.2
28,DET,2,0.4
28,NOUN,313,62.6
28,NUM,2,0.4
28,PART,1,0.2
28,PRON,15,3.0
28,PROPN,2,0.4
28,SCONJ,12,2.4
28,VERB,123,24.6
29,ADJ,5,1.49
29,ADP,3,0.9
29,ADV,3,0.9
29,AUX,1,0.3
29,DET,4,1.19
29,NOUN,255,76.12
29,NUM,1,0.3
29,PROPN,4,1.19
29,VERB,59,17.61
30,ADJ,3,0.68
30,ADP,13,2.93
30,ADV,7,1.58
30,AUX,4,0.9
30,DET,2,0.45
30,NOUN,289,65.24
30,PART,1,0.23
30,PRON,12,2.71
30,PROPN,3,0.68
30,SCONJ,9,2.03
30,VERB,100,22.57
31,ADJ,1,0.24
31,ADP,3,0.72
31,ADV,2,0.48
31,AUX,3,0.72
31,CCONJ,2,0.48
31,DET,3,0.72
31,NOUN,322,77.59
31,NUM,2,0.48
31,PRON,8,1.93
31,PROPN,2,0.48
31,SCONJ,5,1.2
31,VERB,62,14.94
32,ADJ,8,2.19
32,ADP,4,1.09
32,ADV,5,1.37
32,AUX,4,1.09
32,NOUN,255,69.67
32,PART,1,0.27
32,PROPN,3,0.82
32,VERB,86,23.5
33,ADJ,6,0.94
33,ADP,5,0.78
33,ADV,22,3.45
33,AUX,6,0.94
33,CCONJ,2,0.31
33,DET,7,1.1
33,NOUN,402,63.11
33,PRON,2,0.31
33,PROPN,2,0.31
33,SCONJ,23,3.61
33,VERB,160,25.12
34,ADJ,6,1.35
34,ADP,1,0.23
34,ADV,6,1.35
34,AUX,5,1.13
34,DET,3,0.68
34,NOUN,302,68.02
34,NUM,3,0.68
34,PROPN,2,0.45
34,SCONJ,4,0.9
34,VERB,112,25.23
35,ADJ,11,3.43
35,ADP,3,0.93
35,ADV,11,3.43
35,AUX,1,0.31
35,NOUN,225,70.09
35,NUM,3,0.93
35,PRON,4,1.25
35,PROPN,15,4.67
35,SCONJ,3,0.93
35,VERB,45,14.02
36,ADJ,12,3.42
36,ADV,9,2.56
36,DET,4,1.14
36,NOUN,241,68.66
36,PART,1,0.28
36,PRON,5,1.42
36,SCONJ,3,0.85
36,VERB,76,21.65
37,ADJ,5,0.97
37,ADP,10,1.94
37,ADV,6,1.17
37,AUX,3,0.58
37,CCONJ,5,0.97
37,DET,4,0.78
37,NOUN,353,68.54
37,NUM,1,0.19
37,PART,2,0.39
37,PRON,15,2.91
37,SCONJ,9,1.75
37,VERB,102,19.81
38,ADJ,5,1.16
38,ADP,2,0.46
38,ADV,10,2.31
38,AUX,10,2.31
38,CCONJ,1,0.23
38,DET,5,1.16
38,NOUN,294,68.06
38,NUM,2,0.46
38,PROPN,1,0.23
38,SCONJ,2,0.46
38,VERB,100,23.15
39,ADJ,6,2.05
39,ADP,4,1.37
39,ADV,5,1.71
39,AUX,2,0.68
39,DET,2,0.68
39,NOUN,205,69.97
39,NUM,2,0.68
39,PRON,8,2.73
39,PROPN,2,0.68
39,SCONJ,2,0.68
39,VERB,55,18.77
40,ADJ,1,0.19
40,ADP,4,0.78
40,ADV,6,1.17
40,AUX,4,0.78
40,DET,9,1.75
40,NOUN,346,67.45
40,PRON,9,1.75
40,SCONJ,13,2.53
40,VERB,121,23.59
41,ADJ,13,1.73
41,ADP,3,0.4
41,ADV,12,1.59
41,AUX,4,0.53
41,DET,5,0.66
41,NOUN,514,68.26
41,NUM,1,0.13
41,PRON,15,1.99
41,PROPN,20,2.66
41,SCONJ,9,1.2
41,VERB,157,20.85
42,ADJ,4,0.48
42,ADP,7,0.84
42,ADV,14,1.68
42,AUX,6,0.72
42,CCONJ,2,0.24
42,DET,4,0.48
42,NOUN,607,73.04
42,PRON,27,3.25
42,PROPN,2,0.24
42,SCONJ,8,0.96
42,VERB,150,18.05
43,ADJ,7,1.18
43,ADP,1,0.17
43,ADV,10,1.69
43,AUX,3,0.51
43,CCONJ,1,0.17
43,DET,5,0.85
43,NOUN,437,73.94
43,NUM,3,0.51
43,PART,2,0.34
43,PRON,3,0.51
43,SCONJ,2,0.34
43,VERB,117,19.8
44,ADJ,3,0.55
44,ADP,8,1.47
44,ADV,9,1.65
44,AUX,4,0.74
44,CCONJ,2,0.37
44,DET,12,2.21
44,NOUN,348,63.97
44,NUM,4,0.74
44,PRON,7,1.29
44,PROPN,6,1.1
44,SCONJ,12,2.21
44,VERB,129,23.71
45,ADJ,5,0.86
45,ADP,7,1.2
45,ADV,4,0.69
45,AUX,10,1.72
45,DET,24,4.13
45,NOUN,395,67.99
45,NUM,3,0.52
45,PART,2,0.34
45,PRON,2,0.34
45,PROPN,3,0.52
45,SCONJ,6,1.03
45,VERB,120,20.65
46,ADJ,3,0.61
46,ADP,6,1.21
46,ADV,7,1.41
46,AUX,2,0.4
46,CCONJ,2,0.4
46,DET,1,0.2
46,NOUN,378,76.36
46,NUM,2,0.4
46,PRON,3,0.61
46,PROPN,2,0.4
46,SCONJ,2,0.4
46,VERB,87,17.58
47,ADJ,4,1.36
47,DET,2,0.68
47,NOUN,238,80.95
47,PRON,4,1.36
47,VERB,46,15.65
48,ADJ,15,2.12
48,ADP,2,0.28
48,ADV,16,2.27
48,DET,2,0.28
48,NOUN,482,68.27
48,PART,1,0.14
48,PRON,6,0.85
48,PROPN,4,0.57
48,SCONJ,11,1.56
48,VERB,167,23.65
49,ADJ,7,0.96
49,ADP,4,0.55
49,ADV,15,2.06
49,AUX,12,1.65
49,CCONJ,4,0.55
49,DET,6,0.82
49,NOUN,475,65.25
49,NUM,6,0.82
49,PART,3,0.41
49,PRON,14,1.92
49,PROPN,3,0.41
49,SCONJ,20,2.75
49,VERB,159,21.84
50,ADJ,4,1.23
50,ADP,2,0.62
50,ADV,5,1.54
50,AUX,1,0.31
50,DET,4,1.23
50,NOUN,243,74.77
50,PRON,6,1.85
50,PROPN,3,0.92
50,SCONJ,1,0.31
50,VERB,56,17.23
51,ADJ,9,1.86
51,ADP,3,0.62
51,ADV,10,2.07
51,AUX,4,0.83
51,DET,4,0.83
51,NOUN,339,70.19
51,NUM,1,0.21
51,PRON,3,0.62
51,PROPN,1,0.21
51,SCONJ,3,0.62
51,VERB,106,21.95
52,ADJ,4,1.33
52,ADV,6,1.99
52,AUX,2,0.66
52,CCONJ,1,0.33
52,DET,12,3.99
52,NOUN,188,62.46
52,PRON,3,1.0
52,PROPN,9,2.99
52,SCONJ,3,1.0
52,VERB,73,24.25
53,ADJ,6,1.21
53,ADP,1,0.2
53,ADV,15,3.02
53,AUX,2,0.4
53,CCONJ,2,0.4
53,DET,9,1.81
53,NOUN,314,63.31
53,NUM,5,1.01
53,PRON,3,0.6
53,PROPN,2,0.4
53,SCONJ,4,0.81
53,VERB,133,26.81
54,ADJ,8,1.38
54,ADP,8,1.38
54,ADV,7,1.21
54,AUX,7,1.21
54,CCONJ,2,0.34
54,DET,2,0.34
54,NOUN,386,66.55
54,PART,1,0.17
54,PRON,18,3.1
54,PROPN,2,0.34
54,SCONJ,8,1.38
54,VERB,131,22.59
55,ADJ,10,3.66
55,ADP,1,0.37
55,ADV,8,2.93
55,AUX,3,1.1
55,CCONJ,1,0.37
55,DET,13,4.76
55,NOUN,157,57.51
55,NUM,3,1.1
55,PRON,12,4.4
55,SCONJ,3,1.1
55,VERB,62,22.71
56,ADJ,5,1.32
56,ADP,1,0.26
56,ADV,6,1.58
56,AUX,7,1.85
56,CCONJ,2,0.53
56,DET,3,0.79
56,NOUN,231,60.95
56,NUM,3,0.79
56,PART,1,0.26
56,PRON,17,4.49
56,PROPN,2,0.53
56,SCONJ,6,1.58
56,VERB,95,25.07
57,ADJ,7,1.82
57,ADV,3,0.78
57,AUX,2,0.52
57,DET,4,1.04
57,NOUN,269,70.05
57,NUM,2,0.52
57,PART,1,0.26
57,PRON,9,2.34
57,PROPN,2,0.52
57,VERB,85,22.14
58,ADJ,1,0.46
58,ADP,3,1.39
58,ADV,9,4.17
58,AUX,1,0.46
58,CCONJ,1,0.46
58,DET,3,1.39
58,NOUN,138,63.89
58,NUM,5,2.31
58,PART,1,0.46
58,PRON,6,2.78
58,PROPN,1,0.46
58,SCONJ,3,1.39
58,VERB,44,20.37
59,ADJ,3,1.32
59,ADV,4,1.75
59,NOUN,167,73.25
59,NUM,1,0.44
59,PART,1,0.44
59,PRON,5,2.19
59,SCONJ,1,0.44
59,VERB,46,20.18
60,ADJ,5,0.99
60,ADP,2,0.4
60,ADV,12,2.39
60,AUX,6,1.19
60,NOUN,354,70.38
60,PART,2,0.4
60,PRON,2,0.4
60,PROPN,2,0.4
60,VERB,118,23.46
61,ADJ,5,1.5
61,ADV,2,0.6
61,AUX,1,0.3
61,DET,3,0.9
61,NOUN,250,74.85
61,PART,1,0.3
61,PROPN,6,1.8
61,SCONJ,9,2.69
61,VERB,57,17.07
62,ADJ,4,0.81
62,ADP,1,0.2
62,ADV,9,1.83
62,AUX,2,0.41
62,DET,2,0.41
62,NOUN,354,71.95
62,NUM,2,0.41
62,PRON,6,1.22
62,PROPN,4,0.81
62,SCONJ,8,1.63
62,VERB,100,20.33
63,ADJ,3,0.61
63,ADP,4,0.81
63,ADV,7,1.43
63,AUX,3,0.61
63,CCONJ,2,0.41
63,DET,4,0.81
63,NOUN,329,67.01
63,NUM,4,0.81
63,PART,2,0.41
63,PRON,5,1.02
63,PROPN,4,0.81
63,SCONJ,6,1.22
63,VERB,118,24.03
64,ADP,1,0.4
64,ADV,6,2.4
64,AUX,3,1.2
64,CCONJ,1,0.4
64,DET,1,0.4
64,NOUN,197,78.8
64,PRON,4,1.6
64,VERB,37,14.8
65,ADJ,8,1.64
65,ADP,2,0.41
65,ADV,4,0.82
65,AUX,4,0.82
65,CCONJ,1,0.21
65,DET,7,1.44
65,NOUN,298,61.19
65,NUM,3,0.62
65,PRON,12,2.46
65,PROPN,10,2.05
65,SCONJ,11,2.26
65,VERB,127,26.08
66,ADJ,3,1.31
66,ADP,2,0.87
66,ADV,5,2.18
66,CCONJ,1,0.44
66,NOUN,175,76.42
66,PRON,4,1.75
66,PROPN,3,1.31
66,VERB,36,15.72
67,ADJ,10,2.82
67,ADV,2,0.56
67,AUX,4,1.13
67,CCONJ,1,0.28
67,NOUN,245,69.21
67,NUM,3,0.85
67,PART,2,0.56
67,PRON,5,1.41
67,SCONJ,7,1.98
67,VERB,75,21.19
68,ADJ,7,1.41
68,ADP,2,0.4
68,ADV,10,2.02
68,AUX,2,0.4
68,CCONJ,3,0.61
68,NOUN,362,73.13
68,PART,1,0.2
68,PRON,12,2.42
68,PROPN,4,0.81
68,SCONJ,2,0.4
68,VERB,90,18.18
69,ADJ,7,1.98
69,ADV,14,3.97
69,AUX,3,0.85
69,CCONJ,1,0.28
69,DET,2,0.57
69,NOUN,235,66.57
69,NUM,1,0.28
69,PRON,1,0.28
69,PROPN,1,0.28
69,SCONJ,9,2.55
69,VERB,79,22.38
70,ADJ,10,3.34
70,ADP,3,1.0
70,ADV,1,0.33
70,DET,5,1.67
70,NOUN,202,67.56
70,NUM,4,1.34
70,PRON,3,1.0
70,PROPN,1,0.33
70,SCONJ,7,2.34
70,VERB,63,21.07
71,ADJ,10,2.62
71,ADP,3,0.79
71,ADV,12,3.15
71,AUX,6,1.57
71,DET,2,0.52
71,NOUN,258,67.72
71,PART,1,0.26
71,PRON,4,1.05
71,PROPN,9,2.36
71,SCONJ,1,0.26
71,VERB,75,19.69
72,ADJ,1,0.27
72,ADP,4,1.1
72,ADV,10,2.74
72,AUX,5,1.37
72,DET,2,0.55
72,NOUN,265,72.6
72,NUM,3,0.82
72,PART,1,0.27
72,PROPN,5,1.37
72,VERB,69,18.9
73,ADJ,11,2.71
73,ADV,8,1.97
73,AUX,7,1.72
73,CCONJ,7,1.72
73,DET,4,0.99
73,NOUN,268,66.01
73,PRON,5,1.23
73,PROPN,5,1.23
73,SCONJ,6,1.48
73,VERB,85,20.94
74,ADJ,9,1.72
74,ADP,5,0.95
74,ADV,9,1.72
74,AUX,6,1.15
74,CCONJ,2,0.38
74,DET,3,0.57
74,NOUN,373,71.18
74,PRON,13,2.48
74,SCONJ,4,0.76
74,VERB,100,19.08
75,ADJ,6,1.99
75,ADV,7,2.33
75,AUX,7,2.33
75,CCONJ,4,1.33
75,DET,4,1.33
75,NOUN,200,66.45
75,PRON,4,1.33
75,PROPN,2,0.66
75,VERB,67,22.26
76,ADJ,3,0.93
76,ADP,4,1.24
76,ADV,6,1.86
76,AUX,4,1.24
76,CCONJ,2,0.62
76,DET,1,0.31
76,NOUN,221,68.63
76,PART,1,0.31
76,PRON,8,2.48
76,PROPN,5,1.55
76,SCONJ,6,1.86
76,VERB,61,18.94
77,ADJ,3,1.17
77,ADV,3,1.17
77,NOUN,206,80.16
77,NUM,2,0.78
77,PRON,2,0.78
77,PROPN,2,0.78
77,SCONJ,2,0.78
77,VERB,37,14.4
78,ADJ,7,1.15
78,ADP,7,1.15
78,ADV,22,3.61
78,AUX,5,0.82
78,DET,2,0.33
78,NOUN,397,65.19
78,NUM,3,0.49
78,PRON,10,1.64
78,PROPN,20,3.28
78,SCONJ,13,2.13
78,VERB,123,20.2
79,ADJ,4,1.05
79,ADP,2,0.53
79,ADV,1,0.26
79,AUX,1,0.26
79,DET,1,0.26
79,NOUN,278,73.16
79,NUM,1,0.26
79,PRON,10,2.63
79,PROPN,8,2.11
79,SCONJ,2,0.53
79,VERB,72,18.95
80,ADJ,5,1.26
80,ADV,4,1.01
80,DET,4,1.01
80,NOUN,274,68.84
80,NUM,3,0.75
80,PART,1,0.25
80,PRON,8,2.01
80,PROPN,13,3.27
80,VERB,86,21.61
81,ADJ,7,1.78
81,ADP,7,1.78
81,ADV,13,3.31
81,AUX,9,2.29
81,DET,2,0.51
81,NOUN,194,49.36
81,NUM,4,1.02
81,PART,2,0.51
81,PRON,26,6.62
81,PROPN,3,0.76
81,SCONJ,19,4.83
81,VERB,107,27.23
82,ADJ,12,1.91
82,ADP,3,0.48
82,ADV,18,2.87
82,AUX,3,0.48
82,CCONJ,5,0.8
82,DET,4,0.64
82,NOUN,390,62.1
82,NUM,2,0.32
82,PRON,32,5.1
82,PROPN,4,0.64
82,SCONJ,10,1.59
82,VERB,145,23.09
83,ADJ,3,0.87
83,ADP,2,0.58
83,ADV,5,1.45
83,AUX,3,0.87
83,CCONJ,3,0.87
83,DET,3,0.87
83,NOUN,229,66.57
83,PRON,5,1.45
83,PROPN,8,2.33
83,SCONJ,6,1.74
83,VERB,77,22.38
84,ADJ,10,1.42
84,ADP,4,0.57
84,ADV,17,2.42
84,AUX,6,0.85
84,DET,18,2.56
84,NOUN,421,59.97
84,NUM,3,0.43
84,PRON,16,2.28
84,PROPN,8,1.14
84,SCONJ,23,3.28
84,VERB,176,25.07
85,ADJ,9,2.13
85,ADV,6,1.42
85,AUX,2,0.47
85,DET,5,1.18
85,NOUN,324,76.78
85,NUM,2,0.47
85,PROPN,5,1.18
85,SCONJ,3,0.71
85,VERB,66,15.64
86,ADJ,7,1.87
86,ADP,3,0.8
86,ADV,12,3.2
86,DET,4,1.07
86,NOUN,270,72.0
86,NUM,3,0.8
86,PROPN,19,5.07
86,SCONJ,2,0.53
86,VERB,55,14.67
87,ADJ,6,1.92
87,ADP,2,0.64
87,ADV,8,2.56
87,DET,1,0.32
87,NOUN,237,75.96
87,PART,1,0.32
87,PRON,4,1.28
87,SCONJ,4,1.28
87,VERB,49,15.71
88,ADJ,7,1.51
88,ADP,3,0.65
88,ADV,6,1.29
88,AUX,7,1.51
88,DET,3,0.65
88,NOUN,337,72.47
88,NUM,5,1.08
88,PART,1,0.22
88,PRON,35,7.53
88,PROPN,1,0.22
88,SCONJ,3,0.65
88,VERB,57,12.26
89,ADJ,10,2.79
89,ADP,2,0.56
89,ADV,4,1.11
89,AUX,3,0.84
89,CCONJ,1,0.28
89,DET,2,0.56
89,NOUN,251,69.92
89,NUM,2,0.56
89,PRON,8,2.23
89,PROPN,3,0.84
89,SCONJ,12,3.34
89,VERB,61,16.99
90,ADJ,2,0.57
90,ADV,8,2.3
90,AUX,1,0.29
90,DET,2,0.57
90,NOUN,267,76.72
90,NUM,1,0.29
90,PRON,7,2.01
90,SCONJ,1,0.29
90,VERB,59,16.95
91,ADJ,6,1.54
91,ADP,2,0.51
91,ADV,9,2.31
91,AUX,7,1.8
91,CCONJ,1,0.26
91,DET,4,1.03
91,NOUN,266,68.38
91,NUM,2,0.51
91,PROPN,5,1.29
91,SCONJ,4,1.03
91,VERB,83,21.34
92,ADJ,7,1.62
92,ADV,7,1.62
92,AUX,3,0.69
92,NOUN,293,67.67
92,NUM,3,0.69
92,PRON,4,0.92
92,PROPN,2,0.46
92,SCONJ,4,0.92
92,VERB,110,25.4
93,ADJ,4,0.95
93,ADP,4,0.95
93,ADV,8,1.9
93,AUX,5,1.19
93,DET,1,0.24
93,NOUN,300,71.26
93,NUM,2,0.48
93,PRON,10,2.38
93,PROPN,1,0.24
93,SCONJ,1,0.24
93,VERB,85,20.19
94,ADJ,4,1.05
94,ADP,1,0.26
94,ADV,2,0.53
94,DET,6,1.58
94,NOUN,276,72.63
94,NUM,2,0.53
94,PRON,16,4.21
94,PROPN,7,1.84
94,SCONJ,3,0.79
94,VERB,63,16.58
95,ADJ,8,2.6
95,ADP,3,0.97
95,ADV,5,1.62
95,AUX,1,0.32
95,CCONJ,2,0.65
95,DET,2,0.65
95,NOUN,207,67.21
95,PRON,7,2.27
95,SCONJ,8,2.6
95,VERB,65,21.1
96,ADJ,5,0.92
96,ADP,1,0.18
96,ADV,13,2.38
96,AUX,3,0.55
96,CCONJ,4,0.73
96,DET,13,2.38
96,NOUN,362,66.3
96,NUM,4,0.73
96,PRON,11,2.01
96,PROPN,12,2.2
96,SCONJ,12,2.2
96,VERB,106,19.41
97,ADJ,9,3.96
97,ADV,4,1.76
97,AUX,2,0.88
97,NOUN,165,72.69
97,SCONJ,3,1.32
97,VERB,44,19.38
98,ADJ,4,1.19
98,ADP,1,0.3
98,ADV,9,2.69
98,AUX,4,1.19
98,DET,3,0.9
98,NOUN,232,69.25
98,NUM,3,0.9
98,PRON,4,1.19
98,PROPN,4,1.19
98,SCONJ,5,1.49
98,VERB,66,19.7
99,ADJ,6,1.31
99,ADP,10,2.18
99,ADV,11,2.4
99,AUX,6,1.31
99,CCONJ,1,0.22
99,DET,2,0.44
99,NOUN,290,63.18
99,NUM,2,0.44
99,PRON,2,0.44
99,PROPN,20,4.36
99,SCONJ,2,0.44
99,VERB,107,23.31
100,ADJ,10,3.22
100,ADV,8,2.57
100,AUX,2,0.64
100,DET,1,0.32
100,NOUN,226,72.67
100,NUM,2,0.64
100,PROPN,1,0.32
100,SCONJ,1,0.32
100,VERB,60,19.29
101,ADJ,8,2.46
101,ADP,2,0.62
101,ADV,11,3.38
101,AUX,4,1.23
101,DET,1,0.31
101,NOUN,214,65.85
101,PRON,3,0.92
101,SCONJ,4,1.23
101,VERB,78,24.0
102,ADJ,6,0.71
102,ADP,2,0.24
102,ADV,17,2.0
102,AUX,5,0.59
102,CCONJ,7,0.82
102,DET,9,1.06
102,NOUN,612,72.08
102,NUM,14,1.65
102,PART,1,0.12
102,PRON,3,0.35
102,PROPN,19,2.24
102,SCONJ,7,0.82
102,VERB,147,17.31
103,ADJ,2,0.47
103,ADP,4,0.94
103,ADV,5,1.18
103,AUX,5,1.18
103,DET,8,1.89
103,NOUN,316,74.53
103,PRON,5,1.18
103,SCONJ,4,0.94
103,VERB,75,17.69
104,ADJ,7,1.52
104,ADV,4,0.87
104,AUX,6,1.3
104,CCONJ,2,0.43
104,NOUN,362,78.35
104,NUM,1,0.22
104,PART,2,0.43
104,PRON,7,1.52
104,PROPN,1,0.22
104,VERB,70,15.15
105,ADJ,4,1.49
105,ADP,2,0.75
105,ADV,7,2.61
105,CCONJ,1,0.37
105,DET,2,0.75
105,NOUN,188,70.15
105,PRON,9,3.36
105,PROPN,2,0.75
105,SCONJ,4,1.49
105,VERB,49,18.28
106,ADP,1,0.3
106,ADV,13,3.9
106,AUX,1,0.3
106,DET,1,0.3
106,NOUN,219,65.77
106,NUM,1,0.3
106,PART,2,0.6
106,PRON,29,8.71
106,PROPN,1,0.3
106,SCONJ,8,2.4
106,VERB,57,17.12
107,ADJ,11,2.04
107,ADP,4,0.74
107,ADV,16,2.97
107,AUX,5,0.93
107,NOUN,388,72.12
107,NUM,5,0.93
107,PART,1,0.19
107,PRON,3,0.56
107,SCONJ,3,0.56
107,VERB,102,18.96
108,ADJ,4,1.27
108,ADV,2,0.63
108,AUX,2,0.63
108,CCONJ,1,0.32
108,DET,4,1.27
108,NOUN,227,72.06
108,PRON,7,2.22
108,SCONJ,6,1.9
108,VERB,62,19.68
109,ADJ,8,1.69
109,ADP,5,1.06
109,ADV,11,2.33
109,AUX,4,0.85
109,CCONJ,3,0.64
109,DET,4,0.85
109,NOUN,339,71.82
109,PRON,4,0.85
109,PROPN,9,1.91
109,SCONJ,8,1.69
109,VERB,77,16.31
110,ADJ,15,2.85
110,ADV,9,1.71
110,AUX,6,1.14
110,DET,15,2.85
110,NOUN,337,63.95
110,NUM,4,0.76
110,PRON,17,3.23
110,PROPN,1,0.19
110,SCONJ,3,0.57
110,VERB,120,22.77
111,ADJ,10,1.91
111,ADP,1,0.19
111,ADV,7,1.34
111,AUX,2,0.38
111,CCONJ,1,0.19
111,DET,1,0.19
111,NOUN,387,73.85
111,NUM,12,2.29
111,PRON,9,1.72
111,PROPN,1,0.19
111,SCONJ,2,0.38
111,VERB,91,17.37
112,ADJ,7,2.21
112,ADV,6,1.89
112,CCONJ,1,0.32
112,DET,3,0.95
112,NOUN,241,76.03
112,NUM,1,0.32
112,PRON,5,1.58
112,PROPN,4,1.26
112,VERB,49,15.46
113,ADJ,6,0.85
113,ADP,8,1.13
113,ADV,16,2.25
113,AUX,4,0.56
113,CCONJ,4,0.56
113,DET,1,0.14
113,NOUN,509,71.69
113,NUM,5,0.7
113,PRON,9,1.27
113,PROPN,1,0.14
113,PUNCT,1,0.14
113,SCONJ,4,0.56
113,VERB,142,20.0
114,ADJ,2,0.61
114,ADV,2,0.61
114,AUX,4,1.23
114,NOUN,228,69.94
114,NUM,2,0.61
114,PRON,4,1.23
114,PROPN,6,1.84
114,SCONJ,5,1.53
114,VERB,73,22.39
115,ADJ,1,0.29
115,ADP,2,0.59
115,ADV,13,3.83
115,AUX,2,0.59
115,CCONJ,3,0.88
115,DET,1,0.29
115,NOUN,254,74.93
115,PRON,11,3.24
115,SCONJ,2,0.59
115,VERB,50,14.75
116,ADJ,12,3.34
116,ADP,4,1.11
116,ADV,5,1.39
116,AUX,4,1.11
116,CCONJ,2,0.56
116,DET,3,0.84
116,NOUN,223,62.12
116,NUM,7,1.95
116,PRON,24,6.69
116,SCONJ,18,5.01
116,VERB,57,15.88
117,ADJ,7,1.48
117,ADP,2,0.42
117,ADV,11,2.33
117,AUX,2,0.42
117,NOUN,350,74.0
117,NUM,3,0.63
117,PRON,5,1.06
117,PROPN,5,1.06
117,SCONJ,2,0.42
117,VERB,86,18.18
118,ADJ,2,0.34
118,ADP,5,0.86
118,ADV,6,1.03
118,AUX,5,0.86
118,CCONJ,1,0.17
118,DET,2,0.34
118,NOUN,443,75.86
118,NUM,4,0.68
118,PART,1,0.17
118,PRON,4,0.68
118,PROPN,1,0.17
118,SCONJ,7,1.2
118,VERB,103,17.64
119,ADJ,16,3.12
119,ADP,6,1.17
119,ADV,9,1.75
119,AUX,4,0.78
119,CCONJ,3,0.58
119,DET,2,0.39
119,NOUN,344,67.06
119,NUM,4,0.78
119,PRON,12,2.34
119,PROPN,4,0.78
119,SCONJ,9,1.75
119,VERB,100,19.49
120,ADJ,9,3.37
120,ADP,3,1.12
120,ADV,10,3.75
120,DET,1,0.37
120,NOUN,187,70.04
120,PRON,5,1.87
120,PROPN,3,1.12
120,SCONJ,8,3.0
120,VERB,41,15.36
121,ADJ,12,2.77
121,ADP,4,0.92
121,ADV,9,2.08
121,CCONJ,1,0.23
121,NOUN,301,69.52
121,NUM,2,0.46
121,PRON,14,3.23
121,PROPN,1,0.23
121,SCONJ,2,0.46
121,VERB,87,20.09
122,ADJ,6,1.13
122,ADP,1,0.19
122,ADV,10,1.89
122,AUX,2,0.38
122,DET,18,3.4
122,NOUN,367,69.38
122,NUM,2,0.38
122,PRON,11,2.08
122,PROPN,2,0.38
122,SCONJ,3,0.57
122,VERB,107,20.23
123,ADJ,4,0.83
123,ADP,3,0.62
123,ADV,2,0.42
123,AUX,1,0.21
123,DET,4,0.83
123,NOUN,331,68.96
123,NUM,3,0.62
123,PRON,4,0.83
123,PROPN,7,1.46
123,SCONJ,8,1.67
123,VERB,113,23.54
124,ADJ,10,1.45
124,ADP,7,1.02
124,ADV,27,3.92
124,AUX,2,0.29
124,CCONJ,3,0.44
124,DET,4,0.58
124,NOUN,486,70.64
124,NUM,2,0.29
124,PRON,10,1.45
124,PROPN,6,0.87
124,SCONJ,12,1.74
124,VERB,119,17.3
125,ADJ,8,2.55
125,ADV,12,3.82
125,AUX,1,0.32
125,DET,23,7.32
125,NOUN,157,50.0
125,NUM,9,2.87
125,PART,1,0.32
125,PRON,12,3.82
125,SCONJ,10,3.18
125,VERB,81,25.8
126,ADJ,2,0.58
126,ADP,2,0.58
126,ADV,10,2.92
126,AUX,2,0.58
126,NOUN,258,75.44
126,PRON,7,2.05
126,PROPN,3,0.88
126,SCONJ,4,1.17
126,VERB,54,15.79
127,ADJ,4,1.08
127,ADP,4,1.08
127,ADV,6,1.62
127,AUX,2,0.54
127,CCONJ,5,1.35
127,DET,2,0.54
127,NOUN,281,75.74
127,PRON,9,2.43
127,PROPN,3,0.81
127,VERB,55,14.82
128,ADJ,7,1.59
128,ADP,2,0.46
128,ADV,6,1.37
128,AUX,13,2.96
128,CCONJ,1,0.23
128,DET,6,1.37
128,NOUN,291,66.29
128,NUM,4,0.91
128,PRON,5,1.14
128,PROPN,6,1.37
128,SCONJ,3,0.68
128,VERB,95,21.64
129,ADJ,3,0.57
129,ADP,7,1.34
129,ADV,7,1.34
129,AUX,4,0.77
129,DET,13,2.49
129,NOUN,331,63.41
129,NUM,6,1.15
129,PART,1,0.19
129,PRON,9,1.72
129,PROPN,3,0.57
129,SCONJ,14,2.68
129,VERB,124,23.75
130,ADJ,8,2.82
130,ADP,1,0.35
130,ADV,1,0.35
130,AUX,2,0.7
130,CCONJ,2,0.7
130,DET,1,0.35
130,NOUN,218,76.76
130,PRON,1,0.35
130,PROPN,1,0.35
130,SCONJ,3,1.06
130,VERB,46,16.2
131,ADP,2,0.76
131,ADV,3,1.14
131,NOUN,190,72.24
131,PART,1,0.38
131,PRON,3,1.14
131,PROPN,2,0.76
131,SCONJ,6,2.28
131,VERB,56,21.29
132,ADJ,8,1.86
132,ADV,28,6.51
132,AUX,2,0.47
132,DET,5,1.16
132,NOUN,267,62.09
132,NUM,4,0.93
132,PROPN,2,0.47
132,SCONJ,9,2.09
132,VERB,105,24.42
133,ADJ,7,1.28
133,ADP,15,2.74
133,ADV,13,2.38
133,AUX,9,1.65
133,CCONJ,4,0.73
133,DET,2,0.37
133,NOUN,348,63.62
133,PART,1,0.18
133,PRON,33,6.03
133,PROPN,3,0.55
133,SCONJ,6,1.1
133,VERB,106,19.38
134,ADJ,4,1.03
134,ADP,1,0.26
134,ADV,7,1.8
134,AUX,1,0.26
134,CCONJ,2,0.51
134,DET,1,0.26
134,NOUN,282,72.49
134,NUM,2,0.51
134,PRON,7,1.8
134,PROPN,17,4.37
134,SCONJ,3,0.77
134,VERB,62,15.94
135,ADJ,3,0.7
135,ADP,3,0.7
135,ADV,4,0.93
135,AUX,12,2.78
135,DET,1,0.23
135,NOUN,276,64.04
135,NUM,3,0.7
135,PRON,17,3.94
135,PROPN,5,1.16
135,SCONJ,11,2.55
135,VERB,96,22.27
136,ADJ,12,2.47
136,ADP,4,0.82
136,ADV,12,2.47
136,AUX,6,1.23
136,CCONJ,6,1.23
136,DET,2,0.41
136,NOUN,337,69.34
136,NUM,3,0.62
136,PRON,18,3.7
136,PROPN,3,0.62
136,SCONJ,10,2.06
136,VERB,73,15.02
137,ADJ,4,2.15
137,ADV,4,2.15
137,AUX,4,2.15
137,NOUN,132,70.97
137,PRON,2,1.08
137,PROPN,3,1.61
137,SCONJ,4,2.15
137,VERB,33,17.74
138,ADJ,16,2.53
138,ADP,1,0.16
138,ADV,17,2.69
138,AUX,3,0.47
138,CCONJ,3,0.47
138,DET,3,0.47
138,NOUN,392,61.93
138,NUM,8,1.26
138,PART,1,0.16
138,PRON,13,2.05
138,PROPN,5,0.79
138,SCONJ,7,1.11
138,VERB,164,25.91
139,ADJ,9,2.34
139,ADP,5,1.3
139,ADV,7,1.82
139,AUX,1,0.26
139,CCONJ,2,0.52
139,DET,13,3.39
139,NOUN,255,66.41
139,PRON,9,2.34
139,PROPN,2,0.52
139,SCONJ,7,1.82
139,VERB,74,19.27
140,ADJ,10,1.47
140,ADP,10,1.47
140,ADV,15,2.21
140,AUX,3,0.44
140,DET,5,0.74
140,NOUN,475,69.85
140,NUM,2,0.29
140,PRON,4,0.59
140,PROPN,2,0.29
140,SCONJ,16,2.35
140,VERB,138,20.29
141,ADJ,26,2.54
141,ADP,20,1.96
141,ADV,22,2.15
141,AUX,21,2.05
141,CCONJ,1,0.1
141,DET,11,1.08
141,NOUN,689,67.35
141,NUM,8,0.78
141,PART,1,0.1
141,PRON,11,1.08
141,PROPN,1,0.1
141,SCONJ,27,2.64
141,VERB,185,18.08
142,ADJ,5,1.37
142,ADV,14,3.84
142,AUX,2,0.55
142,CCONJ,5,1.37
142,DET,2,0.55
142,NOUN,253,69.32
142,SCONJ,3,0.82
142,VERB,81,22.19
143,ADJ,2,1.02
143,ADP,2,1.02
143,ADV,1,0.51
143,CCONJ,2,1.02
143,DET,2,1.02
143,NOUN,152,77.16
143,SCONJ,1,0.51
143,VERB,35,17.77
144,ADJ,5,1.63
144,ADP,4,1.31
144,ADV,14,4.58
144,DET,5,1.63
144,NOUN,202,66.01
144,PRON,7,2.29
144,PROPN,2,0.65
144,SCONJ,5,1.63
144,VERB,62,20.26
145,ADJ,3,0.78
145,ADP,2,0.52
145,ADV,12,3.12
145,AUX,1,0.26
145,CCONJ,2,0.52
145,DET,3,0.78
145,NOUN,271,70.39
145,PRON,6,1.56
145,PROPN,2,0.52
145,SCONJ,3,0.78
145,VERB,80,20.78
146,ADJ,9,2.21
146,ADP,7,1.72
146,ADV,4,0.98
146,AUX,9,2.21
146,DET,3,0.74
146,NOUN,281,68.87
146,NUM,6,1.47
146,PRON,4,0.98
146,PROPN,7,1.72
146,SCONJ,9,2.21
146,VERB,69,16.91
147,ADP,1,1.06
147,ADV,1,1.06
147,DET,4,4.26
147,NOUN,60,63.83
147,PRON,3,3.19
147,VERB,25,26.6
148,ADJ,10,1.2
148,ADP,12,1.44
148,ADV,14,1.67
148,AUX,7,0.84
148,DET,19,2.27
148,NOUN,579,69.26
148,NUM,12,1.44
148,PRON,20,2.39
148,PROPN,4,0.48
148,SCONJ,9,1.08
148,VERB,150,17.94
149,ADJ,7,1.84
149,ADP,5,1.32
149,ADV,6,1.58
149,AUX,7,1.84
149,DET,4,1.05
149,NOUN,261,68.68
149,PRON,10,2.63
149,PROPN,5,1.32
149,SCONJ,3,0.79
149,VERB,72,18.95
150,ADJ,3,0.96
150,ADP,2,0.64
150,CCONJ,1,0.32
150,DET,8,2.55
150,NOUN,226,71.97
150,NUM,1,0.32
150,PART,2,0.64
150,PRON,5,1.59
150,PROPN,4,1.27
150,SCONJ,4,1.27
150,VERB,58,18.47
151,ADJ,16,2.69
151,ADP,2,0.34
151,ADV,13,2.18
151,AUX,6,1.01
151,CCONJ,2,0.34
151,NOUN,356,59.83
151,NUM,3,0.5
151,PART,2,0.34
151,PRON,10,1.68
151,PROPN,2,0.34
151,SCONJ,2,0.34
151,VERB,181,30.42
152,ADJ,2,1.21
152,ADV,10,6.06
152,AUX,1,0.61
152,DET,4,2.42
152,NOUN,106,64.24
152,NUM,2,1.21
152,PART,1,0.61
152,PRON,3,1.82
152,SCONJ,2,1.21
152,VERB,34,20.61
153,ADJ,1,0.56
153,ADP,2,1.13
153,ADV,6,3.39
153,AUX,3,1.69
153,DET,2,1.13
153,NOUN,110,62.15
153,NUM,2,1.13
153,PRON,6,3.39
153,PROPN,2,1.13
153,SCONJ,2,1.13
153,VERB,41,23.16
154,ADJ,1,1.0
154,ADP,1,1.0
154,ADV,1,1.0
154,AUX,1,1.0
154,NOUN,62,62.0
154,NUM,3,3.0
154,PRON,5,5.0
154,PROPN,1,1.0
154,VERB,25,25.0
155,ADJ,2,1.19
155,ADV,4,2.38
155,AUX,6,3.57
155,NOUN,91,54.17
155,NUM,1,0.6
155,PRON,7,4.17
155,SCONJ,4,2.38
155,VERB,53,31.55
156,ADJ,7,1.29
156,ADP,4,0.74
156,ADV,4,0.74
156,AUX,4,0.74
156,NOUN,371,68.2
156,NUM,2,0.37
156,PART,1,0.18
156,PRON,20,3.68
156,PROPN,10,1.84
156,SCONJ,5,0.92
156,VERB,116,21.32
157,ADJ,4,1.25
157,ADV,10,3.12
157,AUX,2,0.62
157,NOUN,228,71.25
157,PRON,7,2.19
157,SCONJ,7,2.19
157,VERB,62,19.38
158,ADJ,10,2.92
158,ADP,1,0.29
158,ADV,11,3.21
158,AUX,3,0.87
158,CCONJ,1,0.29
158,DET,6,1.75
158,NOUN,196,57.14
158,NUM,1,0.29
158,PRON,9,2.62
158,PROPN,5,1.46
158,SCONJ,5,1.46
158,VERB,95,27.7
159,ADJ,9,1.71
159,ADP,10,1.9
159,ADV,21,4.0
159,AUX,14,2.67
159,CCONJ,4,0.76
159,DET,9,1.71
159,NOUN,289,55.05
159,NUM,1,0.19
159,PART,1,0.19
159,PRON,24,4.57
159,PROPN,2,0.38
159,SCONJ,30,5.71
159,VERB,111,21.14
160,ADJ,11,1.44
160,ADP,6,0.78
160,ADV,21,2.75
160,AUX,7,0.92
160,DET,1,0.13
160,NOUN,531,69.41
160,NUM,1,0.13
160,PRON,13,1.7
160,PROPN,4,0.52
160,SCONJ,16,2.09
160,VERB,154,20.13
161,ADJ,7,1.38
161,ADP,4,0.79
161,ADV,18,3.54
161,AUX,2,0.39
161,CCONJ,3,0.59
161,DET,8,1.57
161,NOUN,328,64.57
161,NUM,1,0.2
161,PART,1,0.2
161,PRON,15,2.95
161,PROPN,2,0.39
161,SCONJ,2,0.39
161,VERB,117,23.03
162,ADJ,5,1.33
162,ADP,2,0.53
162,ADV,5,1.33
162,AUX,3,0.8
162,DET,4,1.06
162,NOUN,295,78.25
162,NUM,4,1.06
162,PRON,11,2.92
162,PROPN,6,1.59
162,SCONJ,1,0.27
162,VERB,41,10.88
163,ADJ,1,0.41
163,ADP,3,1.23
163,ADV,2,0.82
163,AUX,3,1.23
163,NOUN,178,72.95
163,PRON,5,2.05
163,SCONJ,2,0.82
163,VERB,50,20.49
164,ADJ,8,1.72
164,ADP,3,0.65
164,ADV,11,2.37
164,AUX,1,0.22
164,CCONJ,2,0.43
164,DET,10,2.16
164,NOUN,290,62.5
164,NUM,27,5.82
164,PRON,9,1.94
164,PROPN,19,4.09
164,SCONJ,5,1.08
164,VERB,79,17.03
165,ADJ,7,2.36
165,ADP,3,1.01
165,ADV,3,1.01
165,DET,1,0.34
165,NOUN,217,73.06
165,PART,4,1.35
165,PRON,4,1.35
165,PROPN,1,0.34
165,SCONJ,2,0.67
165,VERB,55,18.52
166,ADJ,1,0.21
166,ADP,1,0.21
166,ADV,17,3.55
166,AUX,3,0.63
166,CCONJ,5,1.04
166,DET,3,0.63
166,NOUN,338,70.56
166,NUM,10,2.09
166,PART,1,0.21
166,PRON,4,0.84
166,PROPN,3,0.63
166,SCONJ,10,2.09
166,VERB,83,17.33
167,ADJ,5,1.26
167,ADP,5,1.26
167,ADV,6,1.51
167,AUX,7,1.76
167,CCONJ,5,1.26
167,DET,3,0.75
167,NOUN,242,60.8
167,NUM,10,2.51
167,PRON,10,2.51
167,PROPN,13,3.27
167,SCONJ,7,1.76
167,VERB,85,21.36
168,ADJ,7,1.93
168,ADP,1,0.28
168,ADV,9,2.49
168,AUX,4,1.1
168,DET,10,2.76
168,NOUN,234,64.64
168,NUM,3,0.83
168,PRON,2,0.55
168,PROPN,9,2.49
168,SCONJ,3,0.83
168,VERB,80,22.1
169,ADJ,14,4.14
169,ADP,3,0.89
169,ADV,11,3.25
169,CCONJ,2,0.59
169,DET,2,0.59
169,NOUN,223,65.98
169,NUM,3,0.89
169,PART,1,0.3
169,PRON,6,1.78
169,SCONJ,9,2.66
169,VERB,64,18.93
170,ADJ,3,0.84
170,ADP,4,1.11
170,ADV,7,1.95
170,AUX,2,0.56
170,DET,1,0.28
170,NOUN,229,63.79
170,NUM,2,0.56
170,PRON,20,5.57
170,PROPN,6,1.67
170,SCONJ,2,0.56
170,VERB,83,23.12
171,ADJ,2,1.08
171,ADV,5,2.69
171,NOUN,130,69.89
171,NUM,2,1.08
171,PRON,9,4.84
171,PROPN,1,0.54
171,VERB,37,19.89
172,ADJ,1,0.44
172,ADP,1,0.44
172,AUX,3,1.33
172,DET,9,3.98
172,NOUN,166,73.45
172,NUM,8,3.54
172,PRON,4,1.77
172,PROPN,2,0.88
172,SCONJ,1,0.44
172,VERB,31,13.72
173,ADJ,9,1.8
173,ADP,9,1.8
173,ADV,9,1.8
173,AUX,13,2.59
173,CCONJ,1,0.2
173,DET,3,0.6
173,NOUN,314,62.67
173,PRON,21,4.19
173,PROPN,7,1.4
173,SCONJ,8,1.6
173,VERB,107,21.36
174,ADJ,12,2.24
174,ADP,13,2.43
174,ADV,16,2.99
174,AUX,4,0.75
174,CCONJ,1,0.19
174,DET,4,0.75
174,NOUN,328,61.19
174,PRON,12,2.24
174,PROPN,8,1.49
174,SCONJ,16,2.99
174,VERB,122,22.76
175,ADJ,1,0.92
175,ADP,3,2.75
175,NOUN,75,68.81
175,PRON,8,7.34
175,PROPN,1,0.92
175,SCONJ,3,2.75
175,VERB,18,16.51
176,ADJ,2,2.15
176,ADP,2,2.15
176,ADV,1,1.08
176,DET,3,3.23
176,NOUN,75,80.65
176,VERB,10,10.75
177,ADJ,11,3.01
177,ADP,5,1.37
177,ADV,6,1.64
177,AUX,4,1.09
177,CCONJ,1,0.27
177,DET,11,3.01
177,NOUN,208,56.83
177,NUM,12,3.28
177,PRON,7,1.91
177,PROPN,4,1.09
177,SCONJ,5,1.37
177,VERB,92,25.14
178,ADJ,5,1.18
178,ADP,3,0.71
178,ADV,6,1.42
178,AUX,1,0.24
178,CCONJ,1,0.24
178,DET,3,0.71
178,NOUN,310,73.46
178,PART,1,0.24
178,PRON,8,1.9
178,PROPN,2,0.47
178,SCONJ,2,0.47
178,VERB,80,18.96
179,ADJ,6,0.8
179,ADP,2,0.27
179,ADV,25,3.33
179,AUX,4,0.53
179,CCONJ,1,0.13
179,DET,2,0.27
179,NOUN,477,63.6
179,NUM,4,0.53
179,PART,2,0.27
179,PRON,15,2.0
179,SCONJ,19,2.53
179,VERB,193,25.73
180,ADJ,7,1.85
180,ADP,7,1.85
180,ADV,9,2.38
180,AUX,7,1.85
180,DET,1,0.26
180,NOUN,247,65.34
180,PRON,6,1.59
180,PROPN,2,0.53
180,SCONJ,7,1.85
180,VERB,85,22.49
181,ADJ,1,0.48
181,ADP,2,0.95
181,ADV,3,1.43
181,AUX,1,0.48
181,DET,2,0.95
181,NOUN,133,63.33
181,PRON,7,3.33
181,PROPN,2,0.95
181,SCONJ,5,2.38
181,VERB,54,25.71
182,ADJ,1,0.59
182,ADP,5,2.96
182,ADV,4,2.37
182,DET,3,1.78
182,NOUN,106,62.72
182,NUM,1,0.59
182,PRON,2,1.18
182,PROPN,3,1.78
182,SCONJ,1,0.59
182,VERB,43,25.44
183,ADJ,8,2.17
183,ADP,5,1.36
183,ADV,5,1.36
183,AUX,2,0.54
183,DET,6,1.63
183,NOUN,265,72.01
183,PRON,12,3.26
183,PROPN,3,0.82
183,SCONJ,2,0.54
183,VERB,60,16.3
184,ADJ,3,1.3
184,ADP,5,2.16
184,ADV,11,4.76
184,AUX,1,0.43
184,CCONJ,1,0.43
184,NOUN,142,61.47
184,PRON,16,6.93
184,PROPN,1,0.43
184,SCONJ,4,1.73
184,VERB,47,20.35
185,ADJ,4,1.41
185,ADP,2,0.7
185,ADV,8,2.82
185,AUX,7,2.46
185,CCONJ,1,0.35
185,DET,5,1.76
185,NOUN,188,66.2
185,PART,1,0.35
185,PRON,14,4.93
185,PROPN,1,0.35
185,SCONJ,7,2.46
185,VERB,46,16.2
186,ADJ,15,1.46
186,ADP,19,1.85
186,ADV,21,2.04
186,AUX,14,1.36
186,DET,25,2.43
186,NOUN,666,64.85
186,NUM,15,1.46
186,PART,1,0.1
186,PRON,11,1.07
186,PROPN,13,1.27
186,SCONJ,38,3.7
186,VERB,189,18.4
187,ADJ,6,0.83
187,ADP,10,1.38
187,ADV,18,2.48
187,AUX,9,1.24
187,DET,6,0.83
187,NOUN,470,64.65
187,NUM,8,1.1
187,PRON,22,3.03
187,PROPN,4,0.55
187,SCONJ,16,2.2
187,VERB,158,21.73
188,ADJ,3,2.42
188,ADV,3,2.42
188,AUX,1,0.81
188,DET,1,0.81
188,NOUN,78,62.9
188,NUM,1,0.81
188,PRON,8,6.45
188,PROPN,2,1.61
188,SCONJ,2,1.61
188,VERB,25,20.16
189,ADJ,5,1.87
189,ADP,4,1.49
189,ADV,5,1.87
189,AUX,7,2.61
189,DET,1,0.37
189,NOUN,170,63.43
189,NUM,7,2.61
189,PART,2,0.75
189,PRON,12,4.48
189,PROPN,1,0.37
189,SCONJ,4,1.49
189,VERB,50,18.66
190,ADJ,5,2.55
190,ADV,5,2.55
190,CCONJ,1,0.51
190,NOUN,129,65.82
190,VERB,56,28.57
191,ADJ,16,3.89
191,ADV,10,2.43
191,AUX,5,1.22
191,CCONJ,1,0.24
191,DET,1,0.24
191,NOUN,271,65.94
191,PRON,18,4.38
191,PROPN,3,0.73
191,SCONJ,4,0.97
191,VERB,82,19.95
192,ADJ,5,1.26
192,ADP,14,3.52
192,ADV,5,1.26
192,AUX,6,1.51
192,CCONJ,1,0.25
192,DET,1,0.25
192,NOUN,271,68.09
192,NUM,1,0.25
192,PRON,5,1.26
192,PROPN,3,0.75
192,PUNCT,1,0.25
192,SCONJ,9,2.26
192,VERB,76,19.1
193,ADJ,2,0.98
193,ADV,5,2.44
193,AUX,4,1.95
193,DET,1,0.49
193,NOUN,142,69.27
193,NUM,1,0.49
193,PRON,1,0.49
193,PROPN,6,2.93
193,VERB,43,20.98
194,ADJ,3,2.21
194,ADP,3,2.21
194,ADV,1,0.74
194,AUX,5,3.68
194,DET,1,0.74
194,NOUN,88,64.71
194,PRON,5,3.68
194,SCONJ,2,1.47
194,VERB,28,20.59
195,ADJ,5,2.01
195,ADP,5,2.01
195,ADV,11,4.42
195,AUX,2,0.8
195,DET,2,0.8
195,NOUN,171,68.67
195,PRON,5,2.01
195,SCONJ,7,2.81
195,VERB,41,16.47
196,ADJ,2,1.09
196,ADP,4,2.17
196,ADV,6,3.26
196,CCONJ,1,0.54
196,DET,1,0.54
196,NOUN,138,75.0
196,NUM,2,1.09
196,SCONJ,2,1.09
196,VERB,28,15.22
197,ADJ,9,1.66
197,ADP,2,0.37
197,ADV,12,2.22
197,AUX,5,0.92
197,CCONJ,2,0.37
197,DET,7,1.29
197,NOUN,341,63.03
197,PART,1,0.18
197,PRON,22,4.07
197,PROPN,1,0.18
197,SCONJ,14,2.59
197,VERB,125,23.11
198,ADJ,5,2.05
198,ADP,3,1.23
198,ADV,4,1.64
198,AUX,3,1.23
198,DET,1,0.41
198,NOUN,145,59.43
198,PRON,14,5.74
198,PROPN,4,1.64
198,SCONJ,4,1.64
198,VERB,61,25.0
199,ADJ,1,0.75
199,ADV,6,4.51
199,DET,2,1.5
199,NOUN,93,69.92
199,PROPN,1,0.75
199,SCONJ,8,6.02
199,VERB,22,16.54
200,ADJ,8,2.16
200,ADP,4,1.08
200,ADV,18,4.85
200,DET,1,0.27
200,NOUN,218,58.76
200,PART,1,0.27
200,PRON,18,4.85
200,PROPN,5,1.35
200,SCONJ,8,2.16
200,VERB,90,24.26
201,ADJ,4,1.67
201,ADP,6,2.51
201,ADV,5,2.09
201,AUX,2,0.84
201,DET,6,2.51
201,NOUN,160,66.95
201,NUM,2,0.84
201,PRON,8,3.35
201,PROPN,1,0.42
201,SCONJ,7,2.93
201,VERB,38,15.9
202,ADJ,2,0.9
202,ADP,5,2.25
202,ADV,5,2.25
202,DET,3,1.35
202,NOUN,142,63.96
202,NUM,5,2.25
202,PRON,3,1.35
202,PROPN,1,0.45
202,SCONJ,4,1.8
202,VERB,52,23.42
203,ADJ,2,0.34
203,ADP,6,1.02
203,ADV,14,2.38
203,AUX,3,0.51
203,CCONJ,2,0.34
203,DET,10,1.7
203,NOUN,386,65.65
203,PRON,7,1.19
203,PROPN,6,1.02
203,SCONJ,12,2.04
203,VERB,140,23.81
204,ADJ,1,0.3
204,ADV,7,2.13
204,CCONJ,1,0.3
204,DET,1,0.3
204,NOUN,230,70.12
204,NUM,1,0.3
204,PRON,11,3.35
204,SCONJ,8,2.44
204,VERB,68,20.73
205,ADJ,2,0.51
205,ADP,2,0.51
205,ADV,4,1.03
205,AUX,1,0.26
205,NOUN,285,73.08
205,NUM,2,0.51
205,PRON,6,1.54
205,SCONJ,2,0.51
205,VERB,86,22.05
206,ADJ,1,1.05
206,NOUN,62,65.26
206,PRON,4,4.21
206,VERB,28,29.47
207,ADP,3,3.61
207,ADV,1,1.2
207,NOUN,56,67.47
207,PRON,2,2.41
207,PROPN,1,1.2
207,SCONJ,1,1.2
207,VERB,19,22.89
208,ADJ,4,1.43
208,ADP,3,1.08
208,ADV,15,5.38
208,AUX,2,0.72
208,CCONJ,1,0.36
208,DET,1,0.36
208,NOUN,157,56.27
208,NUM,3,1.08
208,PRON,9,3.23
208,PROPN,1,0.36
208,SCONJ,8,2.87
208,VERB,75,26.88
209,ADJ,6,2.39
209,ADP,5,1.99
209,ADV,6,2.39
209,CCONJ,1,0.4
209,DET,6,2.39
209,NOUN,166,66.14
209,NUM,2,0.8
209,PRON,3,1.2
209,PROPN,4,1.59
209,SCONJ,5,1.99
209,VERB,47,18.73
210,ADP,2,1.82
210,ADV,1,0.91
210,AUX,1,0.91
210,NOUN,70,63.64
210,SCONJ,6,5.45
210,VERB,30,27.27
211,ADP,2,3.17
211,NOUN,37,58.73
211,PRON,8,12.7
211,VERB,16,25.4
212,ADJ,8,1.21
212,ADP,5,0.76
212,ADV,9,1.36
212,AUX,3,0.45
212,CCONJ,8,1.21
212,DET,1,0.15
212,NOUN,486,73.41
212,NUM,7,1.06
212,PART,2,0.3
212,PRON,11,1.66
212,PROPN,15,2.27
212,SCONJ,9,1.36
212,VERB,98,14.8
213,ADJ,6,4.0
213,ADP,3,2.0
213,ADV,1,0.67
213,DET,5,3.33
213,NOUN,86,57.33
213,PART,1,0.67
213,PRON,3,2.0
213,PROPN,3,2.0
213,SCONJ,5,3.33
213,VERB,37,24.67
214,ADV,4,4.65
214,NOUN,58,67.44
214,NUM,1,1.16
214,PRON,3,3.49
214,VERB,20,23.26
215,ADJ,2,1.47
215,ADP,3,2.21
215,AUX,3,2.21
215,NOUN,83,61.03
215,PRON,9,6.62
215,PROPN,1,0.74
215,SCONJ,1,0.74
215,VERB,34,25.0
216,ADJ,1,0.41
216,ADP,5,2.03
216,ADV,5,2.03
216,AUX,1,0.41
216,DET,2,0.81
216,NOUN,158,64.23
216,NUM,2,0.81
216,PART,1,0.41
216,PRON,10,4.07
216,PROPN,2,0.81
216,SCONJ,1,0.41
216,VERB,58,23.58
217,ADP,3,2.17
217,ADV,4,2.9
217,DET,1,0.72
217,NOUN,79,57.25
217,NUM,1,0.72
217,PRON,7,5.07
217,PROPN,2,1.45
217,SCONJ,7,5.07
217,VERB,34,24.64
218,ADJ,3,0.69
218,ADP,5,1.15
218,ADV,3,0.69
218,CCONJ,1,0.23
218,DET,6,1.38
218,NOUN,292,66.97
218,PRON,14,3.21
218,PROPN,3,0.69
218,SCONJ,2,0.46
218,VERB,107,24.54
219,ADJ,7,1.61
219,ADV,6,1.38
219,AUX,3,0.69
219,CCONJ,2,0.46
219,DET,3,0.69
219,NOUN,303,69.5
219,NUM,4,0.92
219,PART,2,0.46
219,PRON,3,0.69
219,PROPN,1,0.23
219,SCONJ,6,1.38
219,VERB,96,22.02
220,ADJ,3,0.72
220,ADP,2,0.48
220,ADV,15,3.6
220,AUX,4,0.96
220,CCONJ,2,0.48
220,DET,8,1.92
220,NOUN,257,61.63
220,NUM,5,1.2
220,PART,1,0.24
220,PRON,6,1.44
220,PROPN,2,0.48
220,SCONJ,5,1.2
220,VERB,107,25.66
221,ADJ,8,6.06
221,ADP,7,5.3
221,DET,1,0.76
221,NOUN,83,62.88
221,PART,1,0.76
221,PRON,3,2.27
221,PROPN,2,1.52
221,SCONJ,3,2.27
221,VERB,24,18.18
222,ADJ,3,2.27
222,ADP,1,0.76
222,ADV,2,1.52
222,AUX,3,2.27
222,DET,2,1.52
222,NOUN,101,76.52
222,PROPN,2,1.52
222,VERB,18,13.64
223,ADJ,24,3.83
223,ADP,5,0.8
223,ADV,25,3.99
223,AUX,8,1.28
223,CCONJ,3,0.48
223,DET,9,1.44
223,NOUN,396,63.16
223,NUM,4,0.64
223,PRON,6,0.96
223,PROPN,2,0.32
223,SCONJ,8,1.28
223,VERB,137,21.85
224,ADV,1,0.81
224,AUX,1,0.81
224,NOUN,88,71.54
224,NUM,1,0.81
224,PRON,3,2.44
224,PROPN,2,1.63
224,VERB,27,21.95
225,ADP,4,2.15
225,ADV,6,3.23
225,DET,1,0.54
225,NOUN,114,61.29
225,NUM,3,1.61
225,PART,1,0.54
225,PROPN,2,1.08
225,SCONJ,2,1.08
225,VERB,53,28.49
226,ADJ,13,1.39
226,ADP,18,1.93
226,ADV,24,2.57
226,AUX,7,0.75
226,CCONJ,3,0.32
226,DET,5,0.53
226,NOUN,599,64.06
226,NUM,10,1.07
226,PART,4,0.43
226,PRON,20,2.14
226,PROPN,3,0.32
226,SCONJ,16,1.71
226,VERB,213,22.78
227,ADJ,5,1.69
227,ADP,3,1.02
227,ADV,2,0.68
227,CCONJ,1,0.34
227,DET,3,1.02
227,NOUN,208,70.51
227,PART,1,0.34
227,PRON,9,3.05
227,PROPN,3,1.02
227,SCONJ,4,1.36
227,VERB,56,18.98
228,ADJ,16,4.18
228,ADP,2,0.52
228,ADV,6,1.57
228,DET,1,0.26
228,NOUN,254,66.32
228,NUM,5,1.31
228,PRON,14,3.66
228,PROPN,3,0.78
228,VERB,82,21.41
229,ADJ,2,0.69
229,ADP,6,2.06
229,ADV,7,2.41
229,AUX,3,1.03
229,CCONJ,5,1.72
229,DET,2,0.69
229,NOUN,193,66.32
229,NUM,2,0.69
229,PRON,5,1.72
229,SCONJ,6,2.06
229,VERB,60,20.62
230,ADV,3,1.94
230,DET,1,0.65
230,NOUN,113,72.9
230,PROPN,1,0.65
230,SCONJ,2,1.29
230,VERB,35,22.58
231,ADP,2,2.0
231,NOUN,58,58.0
231,NUM,2,2.0
231,PRON,4,4.0
231,VERB,34,34.0
232,ADJ,4,1.45
232,ADP,4,1.45
232,ADV,9,3.26
232,AUX,3,1.09
232,CCONJ,5,1.81
232,DET,1,0.36
232,NOUN,194,70.29
232,NUM,2,0.72
232,PRON,2,0.72
232,PROPN,4,1.45
232,SCONJ,2,0.72
232,VERB,46,16.67
233,ADP,5,1.44
233,ADV,12,3.45
233,AUX,3,0.86
233,NOUN,242,69.54
233,NUM,4,1.15
233,PRON,7,2.01
233,PROPN,4,1.15
233,SCONJ,10,2.87
233,VERB,61,17.53
234,ADJ,5,1.41
234,ADP,4,1.13
234,ADV,6,1.69
234,AUX,1,0.28
234,CCONJ,1,0.28
234,DET,1,0.28
234,NOUN,233,65.82
234,NUM,3,0.85
234,PRON,13,3.67
234,PROPN,2,0.56
234,SCONJ,4,1.13
234,VERB,81,22.88
235,ADP,9,2.73
235,ADV,4,1.21
235,AUX,2,0.61
235,DET,2,0.61
235,NOUN,217,65.76
235,NUM,5,1.52
235,PRON,19,5.76
235,PROPN,4,1.21
235,VERB,68,20.61
236,ADP,5,4.24
236,AUX,1,0.85
236,NOUN,77,65.25
236,NUM,4,3.39
236,PRON,3,2.54
236,PROPN,4,3.39
236,SCONJ,2,1.69
236,VERB,22,18.64
237,ADJ,2,1.14
237,ADP,1,0.57
237,ADV,4,2.29
237,AUX,1,0.57
237,NOUN,115,65.71
237,PRON,5,2.86
237,PROPN,4,2.29
237,SCONJ,2,1.14
237,VERB,41,23.43
238,ADJ,11,2.33
238,ADP,2,0.42
238,ADV,11,2.33
238,AUX,7,1.48
238,CCONJ,3,0.63
238,DET,2,0.42
238,NOUN,277,58.56
238,NUM,2,0.42
238,PRON,13,2.75
238,PROPN,5,1.06
238,SCONJ,6,1.27
238,VERB,134,28.33
239,ADJ,3,0.45
239,ADP,3,0.45
239,ADV,23,3.44
239,AUX,5,0.75
239,CCONJ,5,0.75
239,DET,7,1.05
239,NOUN,439,65.72
239,NUM,9,1.35
239,PRON,8,1.2
239,SCONJ,10,1.5
239,VERB,156,23.35
240,ADJ,6,1.52
240,ADV,1,0.25
240,DET,3,0.76
240,NOUN,291,73.86
240,PART,1,0.25
240,PRON,13,3.3
240,PROPN,4,1.02
240,SCONJ,3,0.76
240,VERB,72,18.27
241,ADJ,4,2.08
241,ADV,1,0.52
241,AUX,1,0.52
241,DET,4,2.08
241,NOUN,147,76.56
241,PRON,5,2.6
241,PROPN,1,0.52
241,VERB,29,15.1
242,ADP,7,3.2
242,ADV,3,1.37
242,AUX,9,4.11
242,CCONJ,1,0.46
242,DET,2,0.91
242,NOUN,153,69.86
242,NUM,2,0.91
242,PRON,3,1.37
242,PROPN,2,0.91
242,SCONJ,4,1.83
242,VERB,33,15.07
243,ADJ,4,1.94
243,ADP,1,0.49
243,ADV,1,0.49
243,AUX,1,0.49
243,DET,4,1.94
243,NOUN,138,66.99
243,NUM,1,0.49
243,PRON,13,6.31
243,PROPN,2,0.97
243,SCONJ,3,1.46
243,VERB,38,18.45
244,AUX,2,1.33
244,DET,1,0.67
244,NOUN,110,73.33
244,NUM,9,6.0
244,PRON,5,3.33
244,VERB,23,15.33
245,ADJ,1,0.29
245,ADP,1,0.29
245,ADV,4,1.17
245,CCONJ,2,0.59
245,DET,3,0.88
245,NOUN,256,75.07
245,PART,1,0.29
245,PRON,9,2.64
245,PROPN,2,0.59
245,SCONJ,4,1.17
245,VERB,58,17.01
246,ADJ,11,7.19
246,ADP,4,2.61
246,ADV,6,3.92
246,CCONJ,1,0.65
246,DET,6,3.92
246,NOUN,95,62.09
246,PART,1,0.65
246,PROPN,1,0.65
246,SCONJ,5,3.27
246,VERB,23,15.03
247,ADJ,2,0.34
247,ADP,9,1.52
247,ADV,14,2.36
247,AUX,5,0.84
247,DET,5,0.84
247,NOUN,405,68.41
247,NUM,2,0.34
247,PART,2,0.34
247,PRON,17,2.87
247,PROPN,15,2.53
247,SCONJ,11,1.86
247,VERB,105,17.74
248,ADJ,17,4.34
248,ADP,3,0.77
248,ADV,12,3.06
248,AUX,2,0.51
248,CCONJ,1,0.26
248,DET,3,0.77
248,NOUN,268,68.37
248,NUM,1,0.26
248,PART,1,0.26
248,PROPN,1,0.26
248,SCONJ,1,0.26
248,VERB,82,20.92
249,ADJ,4,1.72
249,ADV,1,0.43
249,AUX,2,0.86
249,DET,2,0.86
249,NOUN,156,67.24
249,NUM,6,2.59
249,PART,2,0.86
249,PRON,11,4.74
249,PROPN,2,0.86
249,PUNCT,1,0.43
249,SCONJ,8,3.45
249,VERB,37,15.95
250,ADJ,3,0.38
250,ADP,13,1.63
250,ADV,9,1.13
250,AUX,7,0.88
250,CCONJ,1,0.13
250,DET,5,0.63
250,NOUN,560,70.26
250,NUM,5,0.63
250,PART,1,0.13
250,PRON,12,1.51
250,PROPN,5,0.63
250,PUNCT,2,0.25
250,SCONJ,11,1.38
250,VERB,163,20.45
251,ADP,1,1.33
251,AUX,1,1.33
251,DET,1,1.33
251,NOUN,44,58.67
251,PROPN,1,1.33
251,SCONJ,5,6.67
251,VERB,22,29.33
252,ADJ,2,2.22
252,ADV,3,3.33
252,NOUN,61,67.78
252,PROPN,2,2.22
252,SCONJ,1,1.11
252,VERB,21,23.33
253,ADJ,3,2.88
253,ADV,2,1.92
253,NOUN,72,69.23
253,SCONJ,4,3.85
253,VERB,23,22.12
254,ADJ,6,1.34
254,ADP,5,1.12
254,ADV,6,1.34
254,AUX,4,0.89
254,DET,5,1.12
254,NOUN,298,66.67
254,NUM,1,0.22
254,PART,1,0.22
254,PRON,13,2.91
254,PROPN,2,0.45
254,SCONJ,7,1.57
254,VERB,99,22.15
255,ADJ,7,3.37
255,ADP,7,3.37
255,ADV,4,1.92
255,AUX,1,0.48
255,DET,6,2.88
255,NOUN,122,58.65
255,NUM,1,0.48
255,PRON,7,3.37
255,PROPN,4,1.92
255,SCONJ,4,1.92
255,VERB,45,21.63
256,ADJ,2,0.51
256,ADP,2,0.51
256,ADV,11,2.82
256,AUX,2,0.51
256,DET,8,2.05
256,NOUN,266,68.21
256,NUM,6,1.54
256,PRON,1,0.26
256,PROPN,2,0.51
256,SCONJ,3,0.77
256,VERB,87,22.31
257,AUX,1,0.93
257,DET,1,0.93
257,NOUN,61,57.01
257,PRON,9,8.41
257,PROPN,2,1.87
257,SCONJ,7,6.54
257,VERB,26,24.3
258,ADJ,4,1.42
258,ADV,3,1.06
258,AUX,3,1.06
258,DET,3,1.06
258,NOUN,197,69.86
258,PART,1,0.35
258,PRON,10,3.55
258,SCONJ,7,2.48
258,VERB,54,19.15
259,ADJ,2,1.0
259,ADV,1,0.5
259,CCONJ,2,1.0
259,DET,1,0.5
259,NOUN,139,69.5
259,PROPN,2,1.0
259,SCONJ,2,1.0
259,VERB,51,25.5
260,ADJ,2,1.01
260,ADP,2,1.01
260,ADV,2,1.01
260,AUX,3,1.51
260,NOUN,130,65.33
260,NUM,1,0.5
260,PRON,11,5.53
260,PROPN,2,1.01
260,SCONJ,2,1.01
260,VERB,44,22.11
261,ADJ,5,3.25
261,DET,6,3.9
261,NOUN,107,69.48
261,NUM,3,1.95
261,PART,1,0.65
261,PRON,6,3.9
261,PROPN,2,1.3
261,SCONJ,2,1.3
261,VERB,22,14.29
262,ADV,1,1.1
262,NOUN,71,78.02
262,NUM,1,1.1
262,VERB,18,19.78
263,ADP,4,2.55
263,ADV,3,1.91
263,NOUN,112,71.34
263,PROPN,2,1.27
263,SCONJ,2,1.27
263,VERB,34,21.66
264,ADJ,3,1.65
264,ADP,4,2.2
264,NOUN,147,80.77
264,NUM,1,0.55
264,PROPN,3,1.65
264,VERB,24,13.19
265,ADP,2,1.63
265,ADV,1,0.81
265,AUX,1,0.81
265,NOUN,91,73.98
265,PROPN,3,2.44
265,VERB,25,20.33
266,ADP,1,0.93
266,ADV,1,0.93
266,CCONJ,2,1.85
266,NOUN,78,72.22
266,NUM,2,1.85
266,PROPN,4,3.7
266,VERB,20,18.52
267,ADJ,1,0.51
267,ADP,2,1.03
267,ADV,5,2.56
267,AUX,3,1.54
267,DET,5,2.56
267,NOUN,104,53.33
267,NUM,10,5.13
267,PRON,8,4.1
267,PROPN,1,0.51
267,SCONJ,13,6.67
267,VERB,43,22.05
268,ADV,1,0.69
268,AUX,3,2.07
268,CCONJ,3,2.07
268,DET,5,3.45
268,NOUN,111,76.55
268,PROPN,2,1.38
268,VERB,20,13.79
269,NOUN,79,75.24
269,VERB,26,24.76
270,ADJ,2,1.1
270,ADP,3,1.66
270,AUX,1,0.55
270,DET,1,0.55
270,NOUN,126,69.61
270,NUM,2,1.1
270,PROPN,2,1.1
270,SCONJ,2,1.1
270,VERB,42,23.2
271,ADJ,1,0.8
271,ADP,1,0.8
271,ADV,1,0.8
271,NOUN,107,85.6
271,NUM,3,2.4
271,VERB,12,9.6
272,ADJ,2,2.13
272,ADP,2,2.13
272,ADV,1,1.06
272,DET,2,2.13
272,NOUN,73,77.66
272,NUM,3,3.19
272,VERB,11,11.7
273,ADP,2,2.27
273,DET,1,1.14
273,NOUN,72,81.82
273,PROPN,1,1.14
273,VERB,12,13.64
274,ADJ,1,2.04
274,ADP,1,2.04
274,NOUN,44,89.8
274,VERB,3,6.12
275,DET,2,2.5
275,NOUN,67,83.75
275,PROPN,1,1.25
275,VERB,10,12.5
276,ADJ,2,0.68
276,ADV,3,1.01
276,CCONJ,2,0.68
276,NOUN,175,59.12
276,PRON,5,1.69
276,PROPN,22,7.43
276,SCONJ,8,2.7
276,VERB,79,26.69
277,ADJ,1,0.46
277,ADP,1,0.46
277,ADV,2,0.93
277,AUX,1,0.46
277,CCONJ,1,0.46
277,DET,1,0.46
277,NOUN,131,60.65
277,NUM,2,0.93
277,PRON,14,6.48
277,PROPN,6,2.78
277,SCONJ,12,5.56
277,VERB,44,20.37
278,ADJ,3,2.17
278,ADV,4,2.9
278,AUX,2,1.45
278,CCONJ,1,0.72
278,NOUN,79,57.25
278,PRON,2,1.45
278,PROPN,5,3.62
278,SCONJ,5,3.62
278,VERB,37,26.81
279,ADP,1,0.74
279,ADV,3,2.21
279,AUX,3,2.21
279,CCONJ,1,0.74
279,NOUN,91,66.91
279,PROPN,1,0.74
279,VERB,36,26.47
280,ADJ,2,1.23
280,ADV,7,4.29
280,DET,2,1.23
280,NOUN,118,72.39
280,NUM,2,1.23
280,PROPN,4,2.45
280,SCONJ,4,2.45
280,VERB,24,14.72
281,ADJ,1,0.7
281,ADP,1,0.7
281,ADV,2,1.41
281,AUX,1,0.7
281,NOUN,98,69.01
281,PART,1,0.7
281,PRON,2,1.41
281,PROPN,2,1.41
281,SCONJ,1,0.7
281,VERB,33,23.24
282,ADJ,1,1.2
282,NOUN,73,87.95
282,PROPN,1,1.2
282,VERB,8,9.64
283,ADV,2,1.2
283,AUX,3,1.8
283,NOUN,104,62.28
283,NUM,1,0.6
283,PRON,4,2.4
283,PROPN,17,10.18
283,SCONJ,6,3.59
283,VERB,30,17.96
284,ADJ,1,0.85
284,ADV,1,0.85
284,NOUN,88,74.58
284,PROPN,1,0.85
284,VERB,27,22.88
285,ADJ,4,1.34
285,ADP,1,0.34
285,CCONJ,3,1.01
285,DET,5,1.68
285,NOUN,216,72.48
285,NUM,4,1.34
285,PROPN,7,2.35
285,SCONJ,4,1.34
285,VERB,54,18.12
286,ADJ,4,3.15
286,ADP,3,2.36
286,AUX,1,0.79
286,NOUN,87,68.5
286,NUM,1,0.79
286,PRON,10,7.87
286,VERB,21,16.54
287,ADJ,9,4.62
287,ADV,5,2.56
287,AUX,1,0.51
287,DET,3,1.54
287,NOUN,140,71.79
287,NUM,3,1.54
287,PROPN,1,0.51
287,SCONJ,3,1.54
287,VERB,30,15.38
288,ADJ,2,1.54
288,NOUN,95,73.08
288,NUM,1,0.77
288,PRON,7,5.38
288,VERB,25,19.23
289,ADJ,3,1.66
289,ADV,7,3.87
289,NOUN,113,62.43
289,PRON,3,1.66
289,PROPN,1,0.55
289,SCONJ,9,4.97
289,VERB,45,24.86
290,ADP,1,0.71
290,ADV,4,2.86
290,DET,2,1.43
290,NOUN,101,72.14
290,NUM,2,1.43
290,PRON,4,2.86
290,SCONJ,2,1.43
290,VERB,24,17.14
291,ADJ,1,0.48
291,ADP,1,0.48
291,ADV,2,0.97
291,CCONJ,2,0.97
291,NOUN,145,70.05
291,PROPN,4,1.93
291,SCONJ,1,0.48
291,VERB,51,24.64
292,ADJ,2,1.0
292,ADV,3,1.49
292,DET,1,0.5
292,NOUN,149,74.13
292,NUM,2,1.0
292,PRON,2,1.0
292,PROPN,5,2.49
292,VERB,37,18.41
293,ADJ,5,1.6
293,ADV,2,0.64
293,DET,2,0.64
293,NOUN,234,75.0
293,PART,1,0.32
293,PRON,6,1.92
293,PROPN,2,0.64
293,SCONJ,1,0.32
293,VERB,59,18.91
294,ADJ,2,1.13
294,ADV,6,3.39
294,CCONJ,1,0.56
294,DET,1,0.56
294,NOUN,122,68.93
294,NUM,1,0.56
294,PRON,3,1.69
294,PROPN,4,2.26
294,SCONJ,4,2.26
294,VERB,33,18.64
295,ADV,1,0.64
295,NOUN,115,73.72
295,NUM,1,0.64
295,PRON,5,3.21
295,VERB,34,21.79
296,ADJ,7,3.8
296,ADP,1,0.54
296,ADV,2,1.09
296,AUX,1,0.54
296,DET,1,0.54
296,NOUN,133,72.28
296,NUM,1,0.54
296,PRON,2,1.09
296,PROPN,1,0.54
296,VERB,35,19.02
297,ADJ,2,1.26
297,ADV,2,1.26
297,NOUN,92,57.86
297,NUM,1,0.63
297,PRON,3,1.89
297,VERB,59,37.11
298,ADV,1,1.18
298,NOUN,66,77.65
298,VERB,18,21.18
299,ADJ,2,1.31
299,ADP,2,1.31
299,AUX,1,0.65
299,NOUN,122,79.74
299,VERB,26,16.99
300,ADJ,4,3.2
300,AUX,2,1.6
300,DET,1,0.8
300,NOUN,96,76.8
300,SCONJ,2,1.6
300,VERB,20,16.0
301,NOUN,62,88.57
301,NUM,1,1.43
301,VERB,7,10.0
302,ADV,2,2.15
302,NOUN,73,78.49
302,VERB,18,19.35
303,ADJ,1,0.87
303,ADP,1,0.87
303,ADV,1,0.87
303,CCONJ,1,0.87
303,NOUN,87,75.65
303,NUM,2,1.74
303,PROPN,2,1.74
303,VERB,20,17.39
304,ADJ,1,1.33
304,AUX,2,2.67
304,NOUN,56,74.67
304,PART,1,1.33
304,VERB,15,20.0
305,ADJ,1,0.98
305,ADV,3,2.94
305,NOUN,87,85.29
305,PRON,2,1.96
305,VERB,9,8.82
306,ADJ,3,2.56
306,ADP,1,0.85
306,DET,1,0.85
306,NOUN,75,64.1
306,PROPN,7,5.98
306,SCONJ,1,0.85
306,VERB,29,24.79
307,ADJ,2,2.27
307,NOUN,67,76.14
307,SCONJ,1,1.14
307,VERB,18,20.45
308,ADJ,3,3.41
308,ADP,1,1.14
308,CCONJ,1,1.14
308,NOUN,60,68.18
308,NUM,2,2.27
308,PRON,3,3.41
308,PROPN,1,1.14
308,SCONJ,1,1.14
308,VERB,16,18.18
309,ADJ,1,0.85
309,ADP,1,0.85
309,ADV,2,1.69
309,NOUN,96,81.36
309,PROPN,1,0.85
309,VERB,17,14.41
310,ADV,1,0.85
310,NOUN,78,66.1
310,NUM,2,1.69
310,PROPN,3,2.54
310,VERB,34,28.81
311,NOUN,99,81.15
311,NUM,2,1.64
311,PROPN,1,0.82
311,SCONJ,1,0.82
311,VERB,19,15.57
312,ADJ,2,1.36
312,ADP,1,0.68
312,ADV,2,1.36
312,AUX,3,2.04
312,NOUN,103,70.07
312,PROPN,1,0.68
312,SCONJ,1,0.68
312,VERB,34,23.13
313,ADV,1,0.73
313,CCONJ,1,0.73
313,NOUN,114,83.21
313,NUM,2,1.46
313,PROPN,2,1.46
313,VERB,17,12.41
314,CCONJ,1,0.88
314,NOUN,95,83.33
314,VERB,18,15.79
